t,W
" 0.000000e+00"," 0.000000e+00"
" 3.335641e-14"," 9.278894e+11"
" 6.671282e-14"," 1.845692e+12"
" 1.000692e-13"," 2.753602e+12"
" 1.334256e-13"," 3.651813e+12"
" 1.667820e-13"," 4.540519e+12"
" 2.001385e-13"," 5.419915e+12"
" 2.334949e-13"," 6.290195e+12"
" 2.668513e-13"," 7.151553e+12"
" 3.002077e-13"," 8.004183e+12"
" 3.335641e-13"," 8.848280e+12"
" 3.669205e-13"," 9.684037e+12"
" 4.002769e-13"," 1.051165e+13"
" 4.336333e-13"," 1.133131e+13"
" 4.669897e-13"," 1.214321e+13"
" 5.003461e-13"," 1.294755e+13"
" 5.337026e-13"," 1.374453e+13"
" 5.670590e-13"," 1.453432e+13"
" 6.004154e-13"," 1.531714e+13"
" 6.337718e-13"," 1.609317e+13"
" 6.671282e-13"," 1.686261e+13"
" 7.004846e-13"," 1.762565e+13"
" 7.338410e-13"," 1.838249e+13"
" 7.671974e-13"," 1.913332e+13"
" 8.005538e-13"," 1.987833e+13"
" 8.339102e-13"," 2.061772e+13"
" 8.672666e-13"," 2.135169e+13"
" 9.006231e-13"," 2.208042e+13"
" 9.339795e-13"," 2.280411e+13"
" 9.673359e-13"," 2.352296e+13"
" 1.000692e-12"," 2.423716e+13"
" 1.034049e-12"," 2.494687e+13"
" 1.067405e-12"," 2.565216e+13"
" 1.100762e-12"," 2.635305e+13"
" 1.134118e-12"," 2.704957e+13"
" 1.167474e-12"," 2.774174e+13"
" 1.200831e-12"," 2.842961e+13"
" 1.234187e-12"," 2.911319e+13"
" 1.267544e-12"," 2.979252e+13"
" 1.300900e-12"," 3.046762e+13"
" 1.334256e-12"," 3.113852e+13"
" 1.367613e-12"," 3.180526e+13"
" 1.400969e-12"," 3.246786e+13"
" 1.434326e-12"," 3.312634e+13"
" 1.467682e-12"," 3.378075e+13"
" 1.501038e-12"," 3.443110e+13"
" 1.534395e-12"," 3.507743e+13"
" 1.567751e-12"," 3.571977e+13"
" 1.601108e-12"," 3.635816e+13"
" 1.634464e-12"," 3.699263e+13"
" 1.667820e-12"," 3.762323e+13"
" 1.701177e-12"," 3.824998e+13"
" 1.734533e-12"," 3.887292e+13"
" 1.767890e-12"," 3.949210e+13"
" 1.801246e-12"," 4.010754e+13"
" 1.834603e-12"," 4.071928e+13"
" 1.867959e-12"," 4.132736e+13"
" 1.901315e-12"," 4.193182e+13"
" 1.934672e-12"," 4.253268e+13"
" 1.968028e-12"," 4.312999e+13"
" 2.001385e-12"," 4.372379e+13"
" 2.034741e-12"," 4.431410e+13"
" 2.068097e-12"," 4.490096e+13"
" 2.101454e-12"," 4.548437e+13"
" 2.134810e-12"," 4.606437e+13"
" 2.168167e-12"," 4.664097e+13"
" 2.201523e-12"," 4.721420e+13"
" 2.234879e-12"," 4.778407e+13"
" 2.268236e-12"," 4.835061e+13"
" 2.301592e-12"," 4.891385e+13"
" 2.334949e-12"," 4.947379e+13"
" 2.368305e-12"," 5.003046e+13"
" 2.401661e-12"," 5.058388e+13"
" 2.435018e-12"," 5.113408e+13"
" 2.468374e-12"," 5.168108e+13"
" 2.501731e-12"," 5.222489e+13"
" 2.535087e-12"," 5.276554e+13"
" 2.568444e-12"," 5.330304e+13"
" 2.601800e-12"," 5.383741e+13"
" 2.635156e-12"," 5.436866e+13"
" 2.668513e-12"," 5.489681e+13"
" 2.701869e-12"," 5.542187e+13"
" 2.735226e-12"," 5.594387e+13"
" 2.768582e-12"," 5.646281e+13"
" 2.801938e-12"," 5.697871e+13"
" 2.835295e-12"," 5.749159e+13"
" 2.868651e-12"," 5.800146e+13"
" 2.902008e-12"," 5.850834e+13"
" 2.935364e-12"," 5.901224e+13"
" 2.968720e-12"," 5.951318e+13"
" 3.002077e-12"," 6.001117e+13"
" 3.035433e-12"," 6.050623e+13"
" 3.068790e-12"," 6.099837e+13"
" 3.102146e-12"," 6.148761e+13"
" 3.135502e-12"," 6.197396e+13"
" 3.168859e-12"," 6.245744e+13"
" 3.202215e-12"," 6.293806e+13"
" 3.235572e-12"," 6.341584e+13"
" 3.268928e-12"," 6.389079e+13"
" 3.302285e-12"," 6.436293e+13"
" 3.335641e-12"," 6.483226e+13"
" 3.368997e-12"," 6.529881e+13"
" 3.402354e-12"," 6.576259e+13"
" 3.435710e-12"," 6.622361e+13"
" 3.469067e-12"," 6.668190e+13"
" 3.502423e-12"," 6.713745e+13"
" 3.535779e-12"," 6.759030e+13"
" 3.569136e-12"," 6.804044e+13"
" 3.602492e-12"," 6.848789e+13"
" 3.635849e-12"," 6.893267e+13"
" 3.669205e-12"," 6.937477e+13"
" 3.702561e-12"," 6.981423e+13"
" 3.735918e-12"," 7.025103e+13"
" 3.769274e-12"," 7.068520e+13"
" 3.802631e-12"," 7.111675e+13"
" 3.835987e-12"," 7.154569e+13"
" 3.869344e-12"," 7.197203e+13"
" 3.902700e-12"," 7.239578e+13"
" 3.936056e-12"," 7.281695e+13"
" 3.969413e-12"," 7.323556e+13"
" 4.002769e-12"," 7.365161e+13"
" 4.036126e-12"," 7.406511e+13"
" 4.069482e-12"," 7.447609e+13"
" 4.102838e-12"," 7.488455e+13"
" 4.136195e-12"," 7.529050e+13"
" 4.169551e-12"," 7.569396e+13"
" 4.202908e-12"," 7.609495e+13"
" 4.236264e-12"," 7.649347e+13"
" 4.269620e-12"," 7.688954e+13"
" 4.302977e-12"," 7.728317e+13"
" 4.336333e-12"," 7.767437e+13"
" 4.369690e-12"," 7.806317e+13"
" 4.403046e-12"," 7.844957e+13"
" 4.436402e-12"," 7.883358e+13"
" 4.469759e-12"," 7.921522e+13"
" 4.503115e-12"," 7.959450e+13"
" 4.536472e-12"," 7.997144e+13"
" 4.569828e-12"," 8.034605e+13"
" 4.603185e-12"," 8.071832e+13"
" 4.636541e-12"," 8.108829e+13"
" 4.669897e-12"," 8.145595e+13"
" 4.703254e-12"," 8.182131e+13"
" 4.736610e-12"," 8.218440e+13"
" 4.769967e-12"," 8.254520e+13"
" 4.803323e-12"," 8.290374e+13"
" 4.836679e-12"," 8.326003e+13"
" 4.870036e-12"," 8.361408e+13"
" 4.903392e-12"," 8.396589e+13"
" 4.936749e-12"," 8.431547e+13"
" 4.970105e-12"," 8.466284e+13"
" 5.003461e-12"," 8.500801e+13"
" 5.036818e-12"," 8.535098e+13"
" 5.070174e-12"," 8.569178e+13"
" 5.103531e-12"," 8.603040e+13"
" 5.136887e-12"," 8.636686e+13"
" 5.170243e-12"," 8.670118e+13"
" 5.203600e-12"," 8.703337e+13"
" 5.236956e-12"," 8.736343e+13"
" 5.270313e-12"," 8.769138e+13"
" 5.303669e-12"," 8.801724e+13"
" 5.337026e-12"," 8.834101e+13"
" 5.370382e-12"," 8.866271e+13"
" 5.403738e-12"," 8.898235e+13"
" 5.437095e-12"," 8.929994e+13"
" 5.470451e-12"," 8.961549e+13"
" 5.503808e-12"," 8.992902e+13"
" 5.537164e-12"," 9.024053e+13"
" 5.570520e-12"," 9.055004e+13"
" 5.603877e-12"," 9.085756e+13"
" 5.637233e-12"," 9.116310e+13"
" 5.670590e-12"," 9.146667e+13"
" 5.703946e-12"," 9.176829e+13"
" 5.737302e-12"," 9.206795e+13"
" 5.770659e-12"," 9.236567e+13"
" 5.804015e-12"," 9.266147e+13"
" 5.837372e-12"," 9.295536e+13"
" 5.870728e-12"," 9.324733e+13"
" 5.904084e-12"," 9.353742e+13"
" 5.937441e-12"," 9.382562e+13"
" 5.970797e-12"," 9.411194e+13"
" 6.004154e-12"," 9.439641e+13"
" 6.037510e-12"," 9.467902e+13"
" 6.070867e-12"," 9.495979e+13"
" 6.104223e-12"," 9.523874e+13"
" 6.137579e-12"," 9.551589e+13"
" 6.170936e-12"," 9.579123e+13"
" 6.204292e-12"," 9.606480e+13"
" 6.237649e-12"," 9.633660e+13"
" 6.271005e-12"," 9.660664e+13"
" 6.304361e-12"," 9.687495e+13"
" 6.337718e-12"," 9.714153e+13"
" 6.371074e-12"," 9.740640e+13"
" 6.404431e-12"," 9.766958e+13"
" 6.437787e-12"," 9.793107e+13"
" 6.471143e-12"," 9.819089e+13"
" 6.504500e-12"," 9.844906e+13"
" 6.537856e-12"," 9.870559e+13"
" 6.571213e-12"," 9.896048e+13"
" 6.604569e-12"," 9.921375e+13"
" 6.637925e-12"," 9.946540e+13"
" 6.671282e-12"," 9.971544e+13"
" 6.704638e-12"," 9.996388e+13"
" 6.737995e-12"," 1.002107e+14"
" 6.771351e-12"," 1.004560e+14"
" 6.804708e-12"," 1.006996e+14"
" 6.838064e-12"," 1.009417e+14"
" 6.871420e-12"," 1.011823e+14"
" 6.904777e-12"," 1.014212e+14"
" 6.938133e-12"," 1.016586e+14"
" 6.971490e-12"," 1.018945e+14"
" 7.004846e-12"," 1.021288e+14"
" 7.038202e-12"," 1.023617e+14"
" 7.071559e-12"," 1.025929e+14"
" 7.104915e-12"," 1.028227e+14"
" 7.138272e-12"," 1.030510e+14"
" 7.171628e-12"," 1.032779e+14"
" 7.204984e-12"," 1.035032e+14"
" 7.238341e-12"," 1.037272e+14"
" 7.271697e-12"," 1.039497e+14"
" 7.305054e-12"," 1.041708e+14"
" 7.338410e-12"," 1.043905e+14"
" 7.371767e-12"," 1.046088e+14"
" 7.405123e-12"," 1.048258e+14"
" 7.438479e-12"," 1.050414e+14"
" 7.471836e-12"," 1.052557e+14"
" 7.505192e-12"," 1.054687e+14"
" 7.538549e-12"," 1.056803e+14"
" 7.571905e-12"," 1.058907e+14"
" 7.605261e-12"," 1.060998e+14"
" 7.638618e-12"," 1.063075e+14"
" 7.671974e-12"," 1.065140e+14"
" 7.705331e-12"," 1.067193e+14"
" 7.738687e-12"," 1.069232e+14"
" 7.772043e-12"," 1.071259e+14"
" 7.805400e-12"," 1.073273e+14"
" 7.838756e-12"," 1.075274e+14"
" 7.872113e-12"," 1.077263e+14"
" 7.905469e-12"," 1.079239e+14"
" 7.938825e-12"," 1.081203e+14"
" 7.972182e-12"," 1.083155e+14"
" 8.005538e-12"," 1.085094e+14"
" 8.038895e-12"," 1.087021e+14"
" 8.072251e-12"," 1.088936e+14"
" 8.105608e-12"," 1.090838e+14"
" 8.138964e-12"," 1.092729e+14"
" 8.172320e-12"," 1.094609e+14"
" 8.205677e-12"," 1.096477e+14"
" 8.239033e-12"," 1.098334e+14"
" 8.272390e-12"," 1.100180e+14"
" 8.305746e-12"," 1.102015e+14"
" 8.339102e-12"," 1.103839e+14"
" 8.372459e-12"," 1.105654e+14"
" 8.405815e-12"," 1.107457e+14"
" 8.439172e-12"," 1.109251e+14"
" 8.472528e-12"," 1.111035e+14"
" 8.505884e-12"," 1.112810e+14"
" 8.539241e-12"," 1.114574e+14"
" 8.572597e-12"," 1.116330e+14"
" 8.605954e-12"," 1.118076e+14"
" 8.639310e-12"," 1.119813e+14"
" 8.672666e-12"," 1.121541e+14"
" 8.706023e-12"," 1.123259e+14"
" 8.739379e-12"," 1.124969e+14"
" 8.772736e-12"," 1.126670e+14"
" 8.806092e-12"," 1.128362e+14"
" 8.839449e-12"," 1.130045e+14"
" 8.872805e-12"," 1.131719e+14"
" 8.906161e-12"," 1.133385e+14"
" 8.939518e-12"," 1.135043e+14"
" 8.972874e-12"," 1.136691e+14"
" 9.006231e-12"," 1.138332e+14"
" 9.039587e-12"," 1.139964e+14"
" 9.072943e-12"," 1.141588e+14"
" 9.106300e-12"," 1.143204e+14"
" 9.139656e-12"," 1.144811e+14"
" 9.173013e-12"," 1.146410e+14"
" 9.206369e-12"," 1.148001e+14"
" 9.239725e-12"," 1.149584e+14"
" 9.273082e-12"," 1.151159e+14"
" 9.306438e-12"," 1.152726e+14"
" 9.339795e-12"," 1.154285e+14"
" 9.373151e-12"," 1.155836e+14"
" 9.406507e-12"," 1.157379e+14"
" 9.439864e-12"," 1.158914e+14"
" 9.473220e-12"," 1.160441e+14"
" 9.506577e-12"," 1.161960e+14"
" 9.539933e-12"," 1.163471e+14"
" 9.573290e-12"," 1.164975e+14"
" 9.606646e-12"," 1.166471e+14"
" 9.640002e-12"," 1.167960e+14"
" 9.673359e-12"," 1.169441e+14"
" 9.706715e-12"," 1.170916e+14"
" 9.740072e-12"," 1.172383e+14"
" 9.773428e-12"," 1.173844e+14"
" 9.806784e-12"," 1.175298e+14"
" 9.840141e-12"," 1.176746e+14"
" 9.873497e-12"," 1.178187e+14"
" 9.906854e-12"," 1.179622e+14"
" 9.940210e-12"," 1.181052e+14"
" 9.973566e-12"," 1.182475e+14"
" 1.000692e-11"," 1.183893e+14"
" 1.004028e-11"," 1.185305e+14"
" 1.007364e-11"," 1.186712e+14"
" 1.010699e-11"," 1.188114e+14"
" 1.014035e-11"," 1.189510e+14"
" 1.017370e-11"," 1.190900e+14"
" 1.020706e-11"," 1.192286e+14"
" 1.024042e-11"," 1.193666e+14"
" 1.027377e-11"," 1.195042e+14"
" 1.030713e-11"," 1.196412e+14"
" 1.034049e-11"," 1.197777e+14"
" 1.037384e-11"," 1.199137e+14"
" 1.040720e-11"," 1.200493e+14"
" 1.044056e-11"," 1.201843e+14"
" 1.047391e-11"," 1.203189e+14"
" 1.050727e-11"," 1.204530e+14"
" 1.054063e-11"," 1.205867e+14"
" 1.057398e-11"," 1.207198e+14"
" 1.060734e-11"," 1.208525e+14"
" 1.064069e-11"," 1.209847e+14"
" 1.067405e-11"," 1.211165e+14"
" 1.070741e-11"," 1.212478e+14"
" 1.074076e-11"," 1.213785e+14"
" 1.077412e-11"," 1.215088e+14"
" 1.080748e-11"," 1.216386e+14"
" 1.084083e-11"," 1.217680e+14"
" 1.087419e-11"," 1.218968e+14"
" 1.090755e-11"," 1.220251e+14"
" 1.094090e-11"," 1.221529e+14"
" 1.097426e-11"," 1.222803e+14"
" 1.100762e-11"," 1.224071e+14"
" 1.104097e-11"," 1.225334e+14"
" 1.107433e-11"," 1.226592e+14"
" 1.110768e-11"," 1.227846e+14"
" 1.114104e-11"," 1.229095e+14"
" 1.117440e-11"," 1.230340e+14"
" 1.120775e-11"," 1.231581e+14"
" 1.124111e-11"," 1.232819e+14"
" 1.127447e-11"," 1.234053e+14"
" 1.130782e-11"," 1.235284e+14"
" 1.134118e-11"," 1.236512e+14"
" 1.137454e-11"," 1.237737e+14"
" 1.140789e-11"," 1.238959e+14"
" 1.144125e-11"," 1.240180e+14"
" 1.147460e-11"," 1.241398e+14"
" 1.150796e-11"," 1.242614e+14"
" 1.154132e-11"," 1.243829e+14"
" 1.157467e-11"," 1.245042e+14"
" 1.160803e-11"," 1.246253e+14"
" 1.164139e-11"," 1.247462e+14"
" 1.167474e-11"," 1.248668e+14"
" 1.170810e-11"," 1.249872e+14"
" 1.174146e-11"," 1.251073e+14"
" 1.177481e-11"," 1.252271e+14"
" 1.180817e-11"," 1.253466e+14"
" 1.184153e-11"," 1.254658e+14"
" 1.187488e-11"," 1.255846e+14"
" 1.190824e-11"," 1.257031e+14"
" 1.194159e-11"," 1.258211e+14"
" 1.197495e-11"," 1.259387e+14"
" 1.200831e-11"," 1.260560e+14"
" 1.204166e-11"," 1.261727e+14"
" 1.207502e-11"," 1.262890e+14"
" 1.210838e-11"," 1.264050e+14"
" 1.214173e-11"," 1.265205e+14"
" 1.217509e-11"," 1.266356e+14"
" 1.220845e-11"," 1.267504e+14"
" 1.224180e-11"," 1.268649e+14"
" 1.227516e-11"," 1.269790e+14"
" 1.230852e-11"," 1.270929e+14"
" 1.234187e-11"," 1.272064e+14"
" 1.237523e-11"," 1.273197e+14"
" 1.240858e-11"," 1.274328e+14"
" 1.244194e-11"," 1.275456e+14"
" 1.247530e-11"," 1.276583e+14"
" 1.250865e-11"," 1.277707e+14"
" 1.254201e-11"," 1.278830e+14"
" 1.257537e-11"," 1.279951e+14"
" 1.260872e-11"," 1.281071e+14"
" 1.264208e-11"," 1.282188e+14"
" 1.267544e-11"," 1.283304e+14"
" 1.270879e-11"," 1.284418e+14"
" 1.274215e-11"," 1.285530e+14"
" 1.277550e-11"," 1.286640e+14"
" 1.280886e-11"," 1.287749e+14"
" 1.284222e-11"," 1.288855e+14"
" 1.287557e-11"," 1.289960e+14"
" 1.290893e-11"," 1.291062e+14"
" 1.294229e-11"," 1.292162e+14"
" 1.297564e-11"," 1.293260e+14"
" 1.300900e-11"," 1.294357e+14"
" 1.304236e-11"," 1.295450e+14"
" 1.307571e-11"," 1.296542e+14"
" 1.310907e-11"," 1.297632e+14"
" 1.314243e-11"," 1.298719e+14"
" 1.317578e-11"," 1.299803e+14"
" 1.320914e-11"," 1.300886e+14"
" 1.324249e-11"," 1.301965e+14"
" 1.327585e-11"," 1.303043e+14"
" 1.330921e-11"," 1.304117e+14"
" 1.334256e-11"," 1.305189e+14"
" 1.337592e-11"," 1.306259e+14"
" 1.340928e-11"," 1.307325e+14"
" 1.344263e-11"," 1.308389e+14"
" 1.347599e-11"," 1.309449e+14"
" 1.350935e-11"," 1.310507e+14"
" 1.354270e-11"," 1.311562e+14"
" 1.357606e-11"," 1.312614e+14"
" 1.360942e-11"," 1.313663e+14"
" 1.364277e-11"," 1.314710e+14"
" 1.367613e-11"," 1.315753e+14"
" 1.370948e-11"," 1.316795e+14"
" 1.374284e-11"," 1.317833e+14"
" 1.377620e-11"," 1.318869e+14"
" 1.380955e-11"," 1.319903e+14"
" 1.384291e-11"," 1.320934e+14"
" 1.387627e-11"," 1.321964e+14"
" 1.390962e-11"," 1.322991e+14"
" 1.394298e-11"," 1.324016e+14"
" 1.397634e-11"," 1.325039e+14"
" 1.400969e-11"," 1.326060e+14"
" 1.404305e-11"," 1.327079e+14"
" 1.407640e-11"," 1.328096e+14"
" 1.410976e-11"," 1.329112e+14"
" 1.414312e-11"," 1.330125e+14"
" 1.417647e-11"," 1.331136e+14"
" 1.420983e-11"," 1.332145e+14"
" 1.424319e-11"," 1.333152e+14"
" 1.427654e-11"," 1.334156e+14"
" 1.430990e-11"," 1.335158e+14"
" 1.434326e-11"," 1.336157e+14"
" 1.437661e-11"," 1.337154e+14"
" 1.440997e-11"," 1.338148e+14"
" 1.444333e-11"," 1.339140e+14"
" 1.447668e-11"," 1.340128e+14"
" 1.451004e-11"," 1.341114e+14"
" 1.454339e-11"," 1.342097e+14"
" 1.457675e-11"," 1.343077e+14"
" 1.461011e-11"," 1.344054e+14"
" 1.464346e-11"," 1.345028e+14"
" 1.467682e-11"," 1.346000e+14"
" 1.471018e-11"," 1.346968e+14"
" 1.474353e-11"," 1.347934e+14"
" 1.477689e-11"," 1.348898e+14"
" 1.481025e-11"," 1.349858e+14"
" 1.484360e-11"," 1.350817e+14"
" 1.487696e-11"," 1.351772e+14"
" 1.491032e-11"," 1.352725e+14"
" 1.494367e-11"," 1.353676e+14"
" 1.497703e-11"," 1.354624e+14"
" 1.501038e-11"," 1.355570e+14"
" 1.504374e-11"," 1.356514e+14"
" 1.507710e-11"," 1.357455e+14"
" 1.511045e-11"," 1.358393e+14"
" 1.514381e-11"," 1.359329e+14"
" 1.517717e-11"," 1.360262e+14"
" 1.521052e-11"," 1.361193e+14"
" 1.524388e-11"," 1.362120e+14"
" 1.527724e-11"," 1.363045e+14"
" 1.531059e-11"," 1.363967e+14"
" 1.534395e-11"," 1.364885e+14"
" 1.537730e-11"," 1.365801e+14"
" 1.541066e-11"," 1.366713e+14"
" 1.544402e-11"," 1.367621e+14"
" 1.547737e-11"," 1.368526e+14"
" 1.551073e-11"," 1.369428e+14"
" 1.554409e-11"," 1.370326e+14"
" 1.557744e-11"," 1.371220e+14"
" 1.561080e-11"," 1.372110e+14"
" 1.564416e-11"," 1.372997e+14"
" 1.567751e-11"," 1.373880e+14"
" 1.571087e-11"," 1.374759e+14"
" 1.574423e-11"," 1.375634e+14"
" 1.577758e-11"," 1.376505e+14"
" 1.581094e-11"," 1.377372e+14"
" 1.584429e-11"," 1.378235e+14"
" 1.587765e-11"," 1.379094e+14"
" 1.591101e-11"," 1.379949e+14"
" 1.594436e-11"," 1.380800e+14"
" 1.597772e-11"," 1.381646e+14"
" 1.601108e-11"," 1.382488e+14"
" 1.604443e-11"," 1.383326e+14"
" 1.607779e-11"," 1.384159e+14"
" 1.611115e-11"," 1.384989e+14"
" 1.614450e-11"," 1.385814e+14"
" 1.617786e-11"," 1.386636e+14"
" 1.621122e-11"," 1.387453e+14"
" 1.624457e-11"," 1.388267e+14"
" 1.627793e-11"," 1.389077e+14"
" 1.631128e-11"," 1.389883e+14"
" 1.634464e-11"," 1.390686e+14"
" 1.637800e-11"," 1.391486e+14"
" 1.641135e-11"," 1.392282e+14"
" 1.644471e-11"," 1.393075e+14"
" 1.647807e-11"," 1.393864e+14"
" 1.651142e-11"," 1.394651e+14"
" 1.654478e-11"," 1.395434e+14"
" 1.657814e-11"," 1.396215e+14"
" 1.661149e-11"," 1.396992e+14"
" 1.664485e-11"," 1.397766e+14"
" 1.667820e-11"," 1.398536e+14"
" 1.671156e-11"," 1.399302e+14"
" 1.674492e-11"," 1.400065e+14"
" 1.677827e-11"," 1.400824e+14"
" 1.681163e-11"," 1.401579e+14"
" 1.684499e-11"," 1.402330e+14"
" 1.687834e-11"," 1.403076e+14"
" 1.691170e-11"," 1.403818e+14"
" 1.694506e-11"," 1.404556e+14"
" 1.697841e-11"," 1.405288e+14"
" 1.701177e-11"," 1.406016e+14"
" 1.704513e-11"," 1.406739e+14"
" 1.707848e-11"," 1.407458e+14"
" 1.711184e-11"," 1.408171e+14"
" 1.714519e-11"," 1.408880e+14"
" 1.717855e-11"," 1.409584e+14"
" 1.721191e-11"," 1.410284e+14"
" 1.724526e-11"," 1.410979e+14"
" 1.727862e-11"," 1.411669e+14"
" 1.731198e-11"," 1.412356e+14"
" 1.734533e-11"," 1.413038e+14"
" 1.737869e-11"," 1.413715e+14"
" 1.741205e-11"," 1.414389e+14"
" 1.744540e-11"," 1.415058e+14"
" 1.747876e-11"," 1.415723e+14"
" 1.751211e-11"," 1.416385e+14"
" 1.754547e-11"," 1.417042e+14"
" 1.757883e-11"," 1.417696e+14"
" 1.761218e-11"," 1.418345e+14"
" 1.764554e-11"," 1.418990e+14"
" 1.767890e-11"," 1.419630e+14"
" 1.771225e-11"," 1.420266e+14"
" 1.774561e-11"," 1.420897e+14"
" 1.777897e-11"," 1.421523e+14"
" 1.781232e-11"," 1.422144e+14"
" 1.784568e-11"," 1.422760e+14"
" 1.787904e-11"," 1.423370e+14"
" 1.791239e-11"," 1.423975e+14"
" 1.794575e-11"," 1.424575e+14"
" 1.797910e-11"," 1.425168e+14"
" 1.801246e-11"," 1.425756e+14"
" 1.804582e-11"," 1.426338e+14"
" 1.807917e-11"," 1.426914e+14"
" 1.811253e-11"," 1.427484e+14"
" 1.814589e-11"," 1.428049e+14"
" 1.817924e-11"," 1.428608e+14"
" 1.821260e-11"," 1.429162e+14"
" 1.824596e-11"," 1.429710e+14"
" 1.827931e-11"," 1.430254e+14"
" 1.831267e-11"," 1.430793e+14"
" 1.834603e-11"," 1.431327e+14"
" 1.837938e-11"," 1.431856e+14"
" 1.841274e-11"," 1.432381e+14"
" 1.844609e-11"," 1.432902e+14"
" 1.847945e-11"," 1.433419e+14"
" 1.851281e-11"," 1.433931e+14"
" 1.854616e-11"," 1.434440e+14"
" 1.857952e-11"," 1.434945e+14"
" 1.861288e-11"," 1.435446e+14"
" 1.864623e-11"," 1.435942e+14"
" 1.867959e-11"," 1.436435e+14"
" 1.871295e-11"," 1.436923e+14"
" 1.874630e-11"," 1.437407e+14"
" 1.877966e-11"," 1.437886e+14"
" 1.881301e-11"," 1.438361e+14"
" 1.884637e-11"," 1.438831e+14"
" 1.887973e-11"," 1.439297e+14"
" 1.891308e-11"," 1.439757e+14"
" 1.894644e-11"," 1.440213e+14"
" 1.897980e-11"," 1.440664e+14"
" 1.901315e-11"," 1.441109e+14"
" 1.904651e-11"," 1.441550e+14"
" 1.907987e-11"," 1.441985e+14"
" 1.911322e-11"," 1.442415e+14"
" 1.914658e-11"," 1.442841e+14"
" 1.917994e-11"," 1.443261e+14"
" 1.921329e-11"," 1.443676e+14"
" 1.924665e-11"," 1.444086e+14"
" 1.928000e-11"," 1.444491e+14"
" 1.931336e-11"," 1.444891e+14"
" 1.934672e-11"," 1.445286e+14"
" 1.938007e-11"," 1.445677e+14"
" 1.941343e-11"," 1.446063e+14"
" 1.944679e-11"," 1.446443e+14"
" 1.948014e-11"," 1.446820e+14"
" 1.951350e-11"," 1.447191e+14"
" 1.954686e-11"," 1.447558e+14"
" 1.958021e-11"," 1.447920e+14"
" 1.961357e-11"," 1.448277e+14"
" 1.964693e-11"," 1.448629e+14"
" 1.968028e-11"," 1.448977e+14"
" 1.971364e-11"," 1.449319e+14"
" 1.974699e-11"," 1.449657e+14"
" 1.978035e-11"," 1.449990e+14"
" 1.981371e-11"," 1.450317e+14"
" 1.984706e-11"," 1.450640e+14"
" 1.988042e-11"," 1.450957e+14"
" 1.991378e-11"," 1.451270e+14"
" 1.994713e-11"," 1.451577e+14"
" 1.998049e-11"," 1.451879e+14"
" 2.001385e-11"," 1.452176e+14"
" 2.004720e-11"," 1.452467e+14"
" 2.008056e-11"," 1.452753e+14"
" 2.011391e-11"," 1.453035e+14"
" 2.014727e-11"," 1.453311e+14"
" 2.018063e-11"," 1.453583e+14"
" 2.021398e-11"," 1.453849e+14"
" 2.024734e-11"," 1.454112e+14"
" 2.028070e-11"," 1.454370e+14"
" 2.031405e-11"," 1.454624e+14"
" 2.034741e-11"," 1.454873e+14"
" 2.038077e-11"," 1.455119e+14"
" 2.041412e-11"," 1.455361e+14"
" 2.044748e-11"," 1.455599e+14"
" 2.048084e-11"," 1.455833e+14"
" 2.051419e-11"," 1.456064e+14"
" 2.054755e-11"," 1.456291e+14"
" 2.058090e-11"," 1.456515e+14"
" 2.061426e-11"," 1.456736e+14"
" 2.064762e-11"," 1.456953e+14"
" 2.068097e-11"," 1.457166e+14"
" 2.071433e-11"," 1.457374e+14"
" 2.074769e-11"," 1.457579e+14"
" 2.078104e-11"," 1.457780e+14"
" 2.081440e-11"," 1.457976e+14"
" 2.084776e-11"," 1.458168e+14"
" 2.088111e-11"," 1.458355e+14"
" 2.091447e-11"," 1.458537e+14"
" 2.094783e-11"," 1.458715e+14"
" 2.098118e-11"," 1.458887e+14"
" 2.101454e-11"," 1.459055e+14"
" 2.104789e-11"," 1.459217e+14"
" 2.108125e-11"," 1.459374e+14"
" 2.111461e-11"," 1.459526e+14"
" 2.114796e-11"," 1.459674e+14"
" 2.118132e-11"," 1.459817e+14"
" 2.121468e-11"," 1.459956e+14"
" 2.124803e-11"," 1.460091e+14"
" 2.128139e-11"," 1.460222e+14"
" 2.131475e-11"," 1.460350e+14"
" 2.134810e-11"," 1.460474e+14"
" 2.138146e-11"," 1.460594e+14"
" 2.141481e-11"," 1.460712e+14"
" 2.144817e-11"," 1.460827e+14"
" 2.148153e-11"," 1.460939e+14"
" 2.151488e-11"," 1.461049e+14"
" 2.154824e-11"," 1.461156e+14"
" 2.158160e-11"," 1.461261e+14"
" 2.161495e-11"," 1.461364e+14"
" 2.164831e-11"," 1.461463e+14"
" 2.168167e-11"," 1.461560e+14"
" 2.171502e-11"," 1.461654e+14"
" 2.174838e-11"," 1.461745e+14"
" 2.178174e-11"," 1.461833e+14"
" 2.181509e-11"," 1.461917e+14"
" 2.184845e-11"," 1.461998e+14"
" 2.188180e-11"," 1.462075e+14"
" 2.191516e-11"," 1.462149e+14"
" 2.194852e-11"," 1.462218e+14"
" 2.198187e-11"," 1.462284e+14"
" 2.201523e-11"," 1.462345e+14"
" 2.204859e-11"," 1.462402e+14"
" 2.208194e-11"," 1.462454e+14"
" 2.211530e-11"," 1.462503e+14"
" 2.214866e-11"," 1.462548e+14"
" 2.218201e-11"," 1.462589e+14"
" 2.221537e-11"," 1.462627e+14"
" 2.224873e-11"," 1.462662e+14"
" 2.228208e-11"," 1.462693e+14"
" 2.231544e-11"," 1.462722e+14"
" 2.234879e-11"," 1.462748e+14"
" 2.238215e-11"," 1.462771e+14"
" 2.241551e-11"," 1.462792e+14"
" 2.244886e-11"," 1.462811e+14"
" 2.248222e-11"," 1.462828e+14"
" 2.251558e-11"," 1.462843e+14"
" 2.254893e-11"," 1.462857e+14"
" 2.258229e-11"," 1.462869e+14"
" 2.261565e-11"," 1.462879e+14"
" 2.264900e-11"," 1.462887e+14"
" 2.268236e-11"," 1.462893e+14"
" 2.271571e-11"," 1.462898e+14"
" 2.274907e-11"," 1.462901e+14"
" 2.278243e-11"," 1.462901e+14"
" 2.281578e-11"," 1.462900e+14"
" 2.284914e-11"," 1.462896e+14"
" 2.288250e-11"," 1.462890e+14"
" 2.291585e-11"," 1.462882e+14"
" 2.294921e-11"," 1.462871e+14"
" 2.298257e-11"," 1.462859e+14"
" 2.301592e-11"," 1.462843e+14"
" 2.304928e-11"," 1.462825e+14"
" 2.308264e-11"," 1.462805e+14"
" 2.311599e-11"," 1.462782e+14"
" 2.314935e-11"," 1.462757e+14"
" 2.318270e-11"," 1.462730e+14"
" 2.321606e-11"," 1.462701e+14"
" 2.324942e-11"," 1.462669e+14"
" 2.328277e-11"," 1.462635e+14"
" 2.331613e-11"," 1.462599e+14"
" 2.334949e-11"," 1.462561e+14"
" 2.338284e-11"," 1.462522e+14"
" 2.341620e-11"," 1.462480e+14"
" 2.344956e-11"," 1.462437e+14"
" 2.348291e-11"," 1.462392e+14"
" 2.351627e-11"," 1.462345e+14"
" 2.354963e-11"," 1.462296e+14"
" 2.358298e-11"," 1.462246e+14"
" 2.361634e-11"," 1.462194e+14"
" 2.364969e-11"," 1.462141e+14"
" 2.368305e-11"," 1.462086e+14"
" 2.371641e-11"," 1.462030e+14"
" 2.374976e-11"," 1.461971e+14"
" 2.378312e-11"," 1.461912e+14"
" 2.381648e-11"," 1.461850e+14"
" 2.384983e-11"," 1.461787e+14"
" 2.388319e-11"," 1.461722e+14"
" 2.391655e-11"," 1.461656e+14"
" 2.394990e-11"," 1.461588e+14"
" 2.398326e-11"," 1.461519e+14"
" 2.401661e-11"," 1.461447e+14"
" 2.404997e-11"," 1.461375e+14"
" 2.408333e-11"," 1.461300e+14"
" 2.411668e-11"," 1.461225e+14"
" 2.415004e-11"," 1.461148e+14"
" 2.418340e-11"," 1.461070e+14"
" 2.421675e-11"," 1.460991e+14"
" 2.425011e-11"," 1.460911e+14"
" 2.428347e-11"," 1.460830e+14"
" 2.431682e-11"," 1.460749e+14"
" 2.435018e-11"," 1.460666e+14"
" 2.438354e-11"," 1.460584e+14"
" 2.441689e-11"," 1.460501e+14"
" 2.445025e-11"," 1.460418e+14"
" 2.448360e-11"," 1.460334e+14"
" 2.451696e-11"," 1.460251e+14"
" 2.455032e-11"," 1.460168e+14"
" 2.458367e-11"," 1.460085e+14"
" 2.461703e-11"," 1.460001e+14"
" 2.465039e-11"," 1.459918e+14"
" 2.468374e-11"," 1.459834e+14"
" 2.471710e-11"," 1.459750e+14"
" 2.475046e-11"," 1.459665e+14"
" 2.478381e-11"," 1.459579e+14"
" 2.481717e-11"," 1.459493e+14"
" 2.485053e-11"," 1.459406e+14"
" 2.488388e-11"," 1.459318e+14"
" 2.491724e-11"," 1.459229e+14"
" 2.495059e-11"," 1.459139e+14"
" 2.498395e-11"," 1.459048e+14"
" 2.501731e-11"," 1.458955e+14"
" 2.505066e-11"," 1.458861e+14"
" 2.508402e-11"," 1.458766e+14"
" 2.511738e-11"," 1.458669e+14"
" 2.515073e-11"," 1.458571e+14"
" 2.518409e-11"," 1.458472e+14"
" 2.521745e-11"," 1.458373e+14"
" 2.525080e-11"," 1.458273e+14"
" 2.528416e-11"," 1.458172e+14"
" 2.531751e-11"," 1.458071e+14"
" 2.535087e-11"," 1.457969e+14"
" 2.538423e-11"," 1.457867e+14"
" 2.541758e-11"," 1.457765e+14"
" 2.545094e-11"," 1.457663e+14"
" 2.548430e-11"," 1.457561e+14"
" 2.551765e-11"," 1.457460e+14"
" 2.555101e-11"," 1.457358e+14"
" 2.558437e-11"," 1.457258e+14"
" 2.561772e-11"," 1.457157e+14"
" 2.565108e-11"," 1.457057e+14"
" 2.568444e-11"," 1.456957e+14"
" 2.571779e-11"," 1.456857e+14"
" 2.575115e-11"," 1.456757e+14"
" 2.578450e-11"," 1.456658e+14"
" 2.581786e-11"," 1.456559e+14"
" 2.585122e-11"," 1.456460e+14"
" 2.588457e-11"," 1.456360e+14"
" 2.591793e-11"," 1.456261e+14"
" 2.595129e-11"," 1.456162e+14"
" 2.598464e-11"," 1.456063e+14"
" 2.601800e-11"," 1.455964e+14"
" 2.605136e-11"," 1.455865e+14"
" 2.608471e-11"," 1.455766e+14"
" 2.611807e-11"," 1.455666e+14"
" 2.615143e-11"," 1.455567e+14"
" 2.618478e-11"," 1.455467e+14"
" 2.621814e-11"," 1.455368e+14"
" 2.625149e-11"," 1.455268e+14"
" 2.628485e-11"," 1.455168e+14"
" 2.631821e-11"," 1.455069e+14"
" 2.635156e-11"," 1.454969e+14"
" 2.638492e-11"," 1.454869e+14"
" 2.641828e-11"," 1.454769e+14"
" 2.645163e-11"," 1.454669e+14"
" 2.648499e-11"," 1.454569e+14"
" 2.651835e-11"," 1.454469e+14"
" 2.655170e-11"," 1.454369e+14"
" 2.658506e-11"," 1.454268e+14"
" 2.661841e-11"," 1.454168e+14"
" 2.665177e-11"," 1.454068e+14"
" 2.668513e-11"," 1.453968e+14"
" 2.671848e-11"," 1.453868e+14"
" 2.675184e-11"," 1.453768e+14"
" 2.678520e-11"," 1.453668e+14"
" 2.681855e-11"," 1.453568e+14"
" 2.685191e-11"," 1.453468e+14"
" 2.688527e-11"," 1.453369e+14"
" 2.691862e-11"," 1.453270e+14"
" 2.695198e-11"," 1.453171e+14"
" 2.698534e-11"," 1.453072e+14"
" 2.701869e-11"," 1.452973e+14"
" 2.705205e-11"," 1.452875e+14"
" 2.708540e-11"," 1.452777e+14"
" 2.711876e-11"," 1.452679e+14"
" 2.715212e-11"," 1.452581e+14"
" 2.718547e-11"," 1.452483e+14"
" 2.721883e-11"," 1.452385e+14"
" 2.725219e-11"," 1.452286e+14"
" 2.728554e-11"," 1.452187e+14"
" 2.731890e-11"," 1.452088e+14"
" 2.735226e-11"," 1.451988e+14"
" 2.738561e-11"," 1.451888e+14"
" 2.741897e-11"," 1.451787e+14"
" 2.745233e-11"," 1.451685e+14"
" 2.748568e-11"," 1.451582e+14"
" 2.751904e-11"," 1.451478e+14"
" 2.755239e-11"," 1.451373e+14"
" 2.758575e-11"," 1.451267e+14"
" 2.761911e-11"," 1.451160e+14"
" 2.765246e-11"," 1.451053e+14"
" 2.768582e-11"," 1.450945e+14"
" 2.771918e-11"," 1.450838e+14"
" 2.775253e-11"," 1.450730e+14"
" 2.778589e-11"," 1.450622e+14"
" 2.781925e-11"," 1.450514e+14"
" 2.785260e-11"," 1.450407e+14"
" 2.788596e-11"," 1.450300e+14"
" 2.791931e-11"," 1.450194e+14"
" 2.795267e-11"," 1.450089e+14"
" 2.798603e-11"," 1.449985e+14"
" 2.801938e-11"," 1.449883e+14"
" 2.805274e-11"," 1.449781e+14"
" 2.808610e-11"," 1.449681e+14"
" 2.811945e-11"," 1.449582e+14"
" 2.815281e-11"," 1.449484e+14"
" 2.818617e-11"," 1.449386e+14"
" 2.821952e-11"," 1.449289e+14"
" 2.825288e-11"," 1.449191e+14"
" 2.828624e-11"," 1.449093e+14"
" 2.831959e-11"," 1.448995e+14"
" 2.835295e-11"," 1.448897e+14"
" 2.838630e-11"," 1.448798e+14"
" 2.841966e-11"," 1.448697e+14"
" 2.845302e-11"," 1.448595e+14"
" 2.848637e-11"," 1.448492e+14"
" 2.851973e-11"," 1.448387e+14"
" 2.855309e-11"," 1.448280e+14"
" 2.858644e-11"," 1.448172e+14"
" 2.861980e-11"," 1.448062e+14"
" 2.865316e-11"," 1.447950e+14"
" 2.868651e-11"," 1.447838e+14"
" 2.871987e-11"," 1.447724e+14"
" 2.875323e-11"," 1.447610e+14"
" 2.878658e-11"," 1.447495e+14"
" 2.881994e-11"," 1.447380e+14"
" 2.885329e-11"," 1.447265e+14"
" 2.888665e-11"," 1.447149e+14"
" 2.892001e-11"," 1.447034e+14"
" 2.895336e-11"," 1.446920e+14"
" 2.898672e-11"," 1.446806e+14"
" 2.902008e-11"," 1.446692e+14"
" 2.905343e-11"," 1.446580e+14"
" 2.908679e-11"," 1.446469e+14"
" 2.912015e-11"," 1.446358e+14"
" 2.915350e-11"," 1.446247e+14"
" 2.918686e-11"," 1.446137e+14"
" 2.922021e-11"," 1.446027e+14"
" 2.925357e-11"," 1.445916e+14"
" 2.928693e-11"," 1.445805e+14"
" 2.932028e-11"," 1.445694e+14"
" 2.935364e-11"," 1.445581e+14"
" 2.938700e-11"," 1.445467e+14"
" 2.942035e-11"," 1.445352e+14"
" 2.945371e-11"," 1.445236e+14"
" 2.948707e-11"," 1.445118e+14"
" 2.952042e-11"," 1.444998e+14"
" 2.955378e-11"," 1.444875e+14"
" 2.958714e-11"," 1.444751e+14"
" 2.962049e-11"," 1.444625e+14"
" 2.965385e-11"," 1.444497e+14"
" 2.968720e-11"," 1.444367e+14"
" 2.972056e-11"," 1.444236e+14"
" 2.975392e-11"," 1.444103e+14"
" 2.978727e-11"," 1.443969e+14"
" 2.982063e-11"," 1.443834e+14"
" 2.985399e-11"," 1.443697e+14"
" 2.988734e-11"," 1.443560e+14"
" 2.992070e-11"," 1.443422e+14"
" 2.995406e-11"," 1.443283e+14"
" 2.998741e-11"," 1.443144e+14"
" 3.002077e-11"," 1.443004e+14"
" 3.005412e-11"," 1.442863e+14"
" 3.008748e-11"," 1.442723e+14"
" 3.012084e-11"," 1.442581e+14"
" 3.015419e-11"," 1.442439e+14"
" 3.018755e-11"," 1.442296e+14"
" 3.022091e-11"," 1.442153e+14"
" 3.025426e-11"," 1.442009e+14"
" 3.028762e-11"," 1.441863e+14"
" 3.032098e-11"," 1.441717e+14"
" 3.035433e-11"," 1.441569e+14"
" 3.038769e-11"," 1.441420e+14"
" 3.042105e-11"," 1.441270e+14"
" 3.045440e-11"," 1.441118e+14"
" 3.048776e-11"," 1.440965e+14"
" 3.052111e-11"," 1.440810e+14"
" 3.055447e-11"," 1.440654e+14"
" 3.058783e-11"," 1.440496e+14"
" 3.062118e-11"," 1.440336e+14"
" 3.065454e-11"," 1.440175e+14"
" 3.068790e-11"," 1.440012e+14"
" 3.072125e-11"," 1.439848e+14"
" 3.075461e-11"," 1.439683e+14"
" 3.078797e-11"," 1.439516e+14"
" 3.082132e-11"," 1.439348e+14"
" 3.085468e-11"," 1.439179e+14"
" 3.088804e-11"," 1.439009e+14"
" 3.092139e-11"," 1.438838e+14"
" 3.095475e-11"," 1.438665e+14"
" 3.098810e-11"," 1.438492e+14"
" 3.102146e-11"," 1.438318e+14"
" 3.105482e-11"," 1.438143e+14"
" 3.108817e-11"," 1.437967e+14"
" 3.112153e-11"," 1.437790e+14"
" 3.115489e-11"," 1.437612e+14"
" 3.118824e-11"," 1.437432e+14"
" 3.122160e-11"," 1.437251e+14"
" 3.125496e-11"," 1.437068e+14"
" 3.128831e-11"," 1.436883e+14"
" 3.132167e-11"," 1.436696e+14"
" 3.135502e-11"," 1.436508e+14"
" 3.138838e-11"," 1.436316e+14"
" 3.142174e-11"," 1.436123e+14"
" 3.145509e-11"," 1.435927e+14"
" 3.148845e-11"," 1.435728e+14"
" 3.152181e-11"," 1.435526e+14"
" 3.155516e-11"," 1.435322e+14"
" 3.158852e-11"," 1.435115e+14"
" 3.162188e-11"," 1.434904e+14"
" 3.165523e-11"," 1.434692e+14"
" 3.168859e-11"," 1.434477e+14"
" 3.172195e-11"," 1.434260e+14"
" 3.175530e-11"," 1.434041e+14"
" 3.178866e-11"," 1.433820e+14"
" 3.182201e-11"," 1.433598e+14"
" 3.185537e-11"," 1.433374e+14"
" 3.188873e-11"," 1.433148e+14"
" 3.192208e-11"," 1.432922e+14"
" 3.195544e-11"," 1.432694e+14"
" 3.198880e-11"," 1.432466e+14"
" 3.202215e-11"," 1.432236e+14"
" 3.205551e-11"," 1.432007e+14"
" 3.208887e-11"," 1.431776e+14"
" 3.212222e-11"," 1.431545e+14"
" 3.215558e-11"," 1.431313e+14"
" 3.218894e-11"," 1.431079e+14"
" 3.222229e-11"," 1.430845e+14"
" 3.225565e-11"," 1.430608e+14"
" 3.228900e-11"," 1.430371e+14"
" 3.232236e-11"," 1.430131e+14"
" 3.235572e-11"," 1.429890e+14"
" 3.238907e-11"," 1.429646e+14"
" 3.242243e-11"," 1.429400e+14"
" 3.245579e-11"," 1.429152e+14"
" 3.248914e-11"," 1.428901e+14"
" 3.252250e-11"," 1.428647e+14"
" 3.255586e-11"," 1.428391e+14"
" 3.258921e-11"," 1.428132e+14"
" 3.262257e-11"," 1.427870e+14"
" 3.265592e-11"," 1.427606e+14"
" 3.268928e-11"," 1.427339e+14"
" 3.272264e-11"," 1.427070e+14"
" 3.275599e-11"," 1.426799e+14"
" 3.278935e-11"," 1.426525e+14"
" 3.282271e-11"," 1.426250e+14"
" 3.285606e-11"," 1.425972e+14"
" 3.288942e-11"," 1.425693e+14"
" 3.292278e-11"," 1.425412e+14"
" 3.295613e-11"," 1.425129e+14"
" 3.298949e-11"," 1.424845e+14"
" 3.302285e-11"," 1.424560e+14"
" 3.305620e-11"," 1.424273e+14"
" 3.308956e-11"," 1.423985e+14"
" 3.312291e-11"," 1.423695e+14"
" 3.315627e-11"," 1.423404e+14"
" 3.318963e-11"," 1.423111e+14"
" 3.322298e-11"," 1.422817e+14"
" 3.325634e-11"," 1.422521e+14"
" 3.328970e-11"," 1.422222e+14"
" 3.332305e-11"," 1.421922e+14"
" 3.335641e-11"," 1.421620e+14"
" 3.338977e-11"," 1.421315e+14"
" 3.342312e-11"," 1.421008e+14"
" 3.345648e-11"," 1.420699e+14"
" 3.348984e-11"," 1.420388e+14"
" 3.352319e-11"," 1.420074e+14"
" 3.355655e-11"," 1.419757e+14"
" 3.358990e-11"," 1.419438e+14"
" 3.362326e-11"," 1.419116e+14"
" 3.365662e-11"," 1.418792e+14"
" 3.368997e-11"," 1.418465e+14"
" 3.372333e-11"," 1.418136e+14"
" 3.375669e-11"," 1.417805e+14"
" 3.379004e-11"," 1.417472e+14"
" 3.382340e-11"," 1.417137e+14"
" 3.385676e-11"," 1.416800e+14"
" 3.389011e-11"," 1.416462e+14"
" 3.392347e-11"," 1.416121e+14"
" 3.395682e-11"," 1.415778e+14"
" 3.399018e-11"," 1.415434e+14"
" 3.402354e-11"," 1.415089e+14"
" 3.405689e-11"," 1.414742e+14"
" 3.409025e-11"," 1.414393e+14"
" 3.412361e-11"," 1.414043e+14"
" 3.415696e-11"," 1.413691e+14"
" 3.419032e-11"," 1.413337e+14"
" 3.422368e-11"," 1.412982e+14"
" 3.425703e-11"," 1.412625e+14"
" 3.429039e-11"," 1.412266e+14"
" 3.432375e-11"," 1.411906e+14"
" 3.435710e-11"," 1.411544e+14"
" 3.439046e-11"," 1.411180e+14"
" 3.442381e-11"," 1.410814e+14"
" 3.445717e-11"," 1.410446e+14"
" 3.449053e-11"," 1.410077e+14"
" 3.452388e-11"," 1.409705e+14"
" 3.455724e-11"," 1.409331e+14"
" 3.459060e-11"," 1.408956e+14"
" 3.462395e-11"," 1.408579e+14"
" 3.465731e-11"," 1.408199e+14"
" 3.469067e-11"," 1.407818e+14"
" 3.472402e-11"," 1.407436e+14"
" 3.475738e-11"," 1.407051e+14"
" 3.479074e-11"," 1.406665e+14"
" 3.482409e-11"," 1.406278e+14"
" 3.485745e-11"," 1.405889e+14"
" 3.489080e-11"," 1.405498e+14"
" 3.492416e-11"," 1.405106e+14"
" 3.495752e-11"," 1.404713e+14"
" 3.499087e-11"," 1.404318e+14"
" 3.502423e-11"," 1.403923e+14"
" 3.505759e-11"," 1.403526e+14"
" 3.509094e-11"," 1.403128e+14"
" 3.512430e-11"," 1.402728e+14"
" 3.515766e-11"," 1.402328e+14"
" 3.519101e-11"," 1.401926e+14"
" 3.522437e-11"," 1.401523e+14"
" 3.525772e-11"," 1.401119e+14"
" 3.529108e-11"," 1.400714e+14"
" 3.532444e-11"," 1.400307e+14"
" 3.535779e-11"," 1.399899e+14"
" 3.539115e-11"," 1.399490e+14"
" 3.542451e-11"," 1.399080e+14"
" 3.545786e-11"," 1.398668e+14"
" 3.549122e-11"," 1.398255e+14"
" 3.552458e-11"," 1.397841e+14"
" 3.555793e-11"," 1.397426e+14"
" 3.559129e-11"," 1.397009e+14"
" 3.562465e-11"," 1.396591e+14"
" 3.565800e-11"," 1.396172e+14"
" 3.569136e-11"," 1.395751e+14"
" 3.572471e-11"," 1.395329e+14"
" 3.575807e-11"," 1.394905e+14"
" 3.579143e-11"," 1.394480e+14"
" 3.582478e-11"," 1.394054e+14"
" 3.585814e-11"," 1.393625e+14"
" 3.589150e-11"," 1.393196e+14"
" 3.592485e-11"," 1.392764e+14"
" 3.595821e-11"," 1.392332e+14"
" 3.599157e-11"," 1.391897e+14"
" 3.602492e-11"," 1.391461e+14"
" 3.605828e-11"," 1.391023e+14"
" 3.609164e-11"," 1.390583e+14"
" 3.612499e-11"," 1.390142e+14"
" 3.615835e-11"," 1.389700e+14"
" 3.619170e-11"," 1.389256e+14"
" 3.622506e-11"," 1.388812e+14"
" 3.625842e-11"," 1.388366e+14"
" 3.629177e-11"," 1.387920e+14"
" 3.632513e-11"," 1.387472e+14"
" 3.635849e-11"," 1.387025e+14"
" 3.639184e-11"," 1.386576e+14"
" 3.642520e-11"," 1.386128e+14"
" 3.645856e-11"," 1.385679e+14"
" 3.649191e-11"," 1.385230e+14"
" 3.652527e-11"," 1.384781e+14"
" 3.655862e-11"," 1.384332e+14"
" 3.659198e-11"," 1.383883e+14"
" 3.662534e-11"," 1.383435e+14"
" 3.665869e-11"," 1.382985e+14"
" 3.669205e-11"," 1.382536e+14"
" 3.672541e-11"," 1.382086e+14"
" 3.675876e-11"," 1.381636e+14"
" 3.679212e-11"," 1.381185e+14"
" 3.682548e-11"," 1.380733e+14"
" 3.685883e-11"," 1.380281e+14"
" 3.689219e-11"," 1.379827e+14"
" 3.692555e-11"," 1.379373e+14"
" 3.695890e-11"," 1.378917e+14"
" 3.699226e-11"," 1.378460e+14"
" 3.702561e-11"," 1.378002e+14"
" 3.705897e-11"," 1.377542e+14"
" 3.709233e-11"," 1.377080e+14"
" 3.712568e-11"," 1.376618e+14"
" 3.715904e-11"," 1.376154e+14"
" 3.719240e-11"," 1.375690e+14"
" 3.722575e-11"," 1.375224e+14"
" 3.725911e-11"," 1.374758e+14"
" 3.729247e-11"," 1.374292e+14"
" 3.732582e-11"," 1.373825e+14"
" 3.735918e-11"," 1.373358e+14"
" 3.739254e-11"," 1.372890e+14"
" 3.742589e-11"," 1.372423e+14"
" 3.745925e-11"," 1.371956e+14"
" 3.749260e-11"," 1.371489e+14"
" 3.752596e-11"," 1.371023e+14"
" 3.755932e-11"," 1.370557e+14"
" 3.759267e-11"," 1.370092e+14"
" 3.762603e-11"," 1.369627e+14"
" 3.765939e-11"," 1.369163e+14"
" 3.769274e-11"," 1.368698e+14"
" 3.772610e-11"," 1.368234e+14"
" 3.775946e-11"," 1.367770e+14"
" 3.779281e-11"," 1.367305e+14"
" 3.782617e-11"," 1.366841e+14"
" 3.785952e-11"," 1.366376e+14"
" 3.789288e-11"," 1.365911e+14"
" 3.792624e-11"," 1.365445e+14"
" 3.795959e-11"," 1.364979e+14"
" 3.799295e-11"," 1.364512e+14"
" 3.802631e-11"," 1.364044e+14"
" 3.805966e-11"," 1.363576e+14"
" 3.809302e-11"," 1.363106e+14"
" 3.812638e-11"," 1.362636e+14"
" 3.815973e-11"," 1.362165e+14"
" 3.819309e-11"," 1.361694e+14"
" 3.822645e-11"," 1.361222e+14"
" 3.825980e-11"," 1.360749e+14"
" 3.829316e-11"," 1.360277e+14"
" 3.832651e-11"," 1.359804e+14"
" 3.835987e-11"," 1.359331e+14"
" 3.839323e-11"," 1.358858e+14"
" 3.842658e-11"," 1.358385e+14"
" 3.845994e-11"," 1.357911e+14"
" 3.849330e-11"," 1.357439e+14"
" 3.852665e-11"," 1.356966e+14"
" 3.856001e-11"," 1.356493e+14"
" 3.859337e-11"," 1.356021e+14"
" 3.862672e-11"," 1.355549e+14"
" 3.866008e-11"," 1.355077e+14"
" 3.869344e-11"," 1.354606e+14"
" 3.872679e-11"," 1.354134e+14"
" 3.876015e-11"," 1.353663e+14"
" 3.879350e-11"," 1.353191e+14"
" 3.882686e-11"," 1.352720e+14"
" 3.886022e-11"," 1.352248e+14"
" 3.889357e-11"," 1.351776e+14"
" 3.892693e-11"," 1.351305e+14"
" 3.896029e-11"," 1.350832e+14"
" 3.899364e-11"," 1.350360e+14"
" 3.902700e-11"," 1.349887e+14"
" 3.906036e-11"," 1.349414e+14"
" 3.909371e-11"," 1.348941e+14"
" 3.912707e-11"," 1.348468e+14"
" 3.916042e-11"," 1.347994e+14"
" 3.919378e-11"," 1.347521e+14"
" 3.922714e-11"," 1.347048e+14"
" 3.926049e-11"," 1.346574e+14"
" 3.929385e-11"," 1.346102e+14"
" 3.932721e-11"," 1.345629e+14"
" 3.936056e-11"," 1.345157e+14"
" 3.939392e-11"," 1.344686e+14"
" 3.942728e-11"," 1.344216e+14"
" 3.946063e-11"," 1.343746e+14"
" 3.949399e-11"," 1.343277e+14"
" 3.952735e-11"," 1.342809e+14"
" 3.956070e-11"," 1.342342e+14"
" 3.959406e-11"," 1.341876e+14"
" 3.962741e-11"," 1.341411e+14"
" 3.966077e-11"," 1.340946e+14"
" 3.969413e-11"," 1.340482e+14"
" 3.972748e-11"," 1.340018e+14"
" 3.976084e-11"," 1.339554e+14"
" 3.979420e-11"," 1.339090e+14"
" 3.982755e-11"," 1.338626e+14"
" 3.986091e-11"," 1.338162e+14"
" 3.989427e-11"," 1.337697e+14"
" 3.992762e-11"," 1.337232e+14"
" 3.996098e-11"," 1.336765e+14"
" 3.999434e-11"," 1.336298e+14"
" 4.002769e-11"," 1.335830e+14"
" 4.006105e-11"," 1.335361e+14"
" 4.009440e-11"," 1.334890e+14"
" 4.012776e-11"," 1.334419e+14"
" 4.016112e-11"," 1.333947e+14"
" 4.019447e-11"," 1.333474e+14"
" 4.022783e-11"," 1.333001e+14"
" 4.026119e-11"," 1.332528e+14"
" 4.029454e-11"," 1.332054e+14"
" 4.032790e-11"," 1.331581e+14"
" 4.036126e-11"," 1.331108e+14"
" 4.039461e-11"," 1.330635e+14"
" 4.042797e-11"," 1.330163e+14"
" 4.046132e-11"," 1.329692e+14"
" 4.049468e-11"," 1.329221e+14"
" 4.052804e-11"," 1.328752e+14"
" 4.056139e-11"," 1.328284e+14"
" 4.059475e-11"," 1.327816e+14"
" 4.062811e-11"," 1.327350e+14"
" 4.066146e-11"," 1.326885e+14"
" 4.069482e-11"," 1.326420e+14"
" 4.072818e-11"," 1.325956e+14"
" 4.076153e-11"," 1.325492e+14"
" 4.079489e-11"," 1.325028e+14"
" 4.082825e-11"," 1.324564e+14"
" 4.086160e-11"," 1.324100e+14"
" 4.089496e-11"," 1.323636e+14"
" 4.092831e-11"," 1.323171e+14"
" 4.096167e-11"," 1.322706e+14"
" 4.099503e-11"," 1.322240e+14"
" 4.102838e-11"," 1.321773e+14"
" 4.106174e-11"," 1.321305e+14"
" 4.109510e-11"," 1.320836e+14"
" 4.112845e-11"," 1.320366e+14"
" 4.116181e-11"," 1.319896e+14"
" 4.119517e-11"," 1.319424e+14"
" 4.122852e-11"," 1.318952e+14"
" 4.126188e-11"," 1.318480e+14"
" 4.129523e-11"," 1.318007e+14"
" 4.132859e-11"," 1.317534e+14"
" 4.136195e-11"," 1.317061e+14"
" 4.139530e-11"," 1.316587e+14"
" 4.142866e-11"," 1.316114e+14"
" 4.146202e-11"," 1.315641e+14"
" 4.149537e-11"," 1.315167e+14"
" 4.152873e-11"," 1.314695e+14"
" 4.156209e-11"," 1.314222e+14"
" 4.159544e-11"," 1.313750e+14"
" 4.162880e-11"," 1.313278e+14"
" 4.166216e-11"," 1.312806e+14"
" 4.169551e-11"," 1.312335e+14"
" 4.172887e-11"," 1.311863e+14"
" 4.176222e-11"," 1.311392e+14"
" 4.179558e-11"," 1.310920e+14"
" 4.182894e-11"," 1.310449e+14"
" 4.186229e-11"," 1.309977e+14"
" 4.189565e-11"," 1.309506e+14"
" 4.192901e-11"," 1.309034e+14"
" 4.196236e-11"," 1.308562e+14"
" 4.199572e-11"," 1.308089e+14"
" 4.202908e-11"," 1.307616e+14"
" 4.206243e-11"," 1.307143e+14"
" 4.209579e-11"," 1.306669e+14"
" 4.212915e-11"," 1.306195e+14"
" 4.216250e-11"," 1.305720e+14"
" 4.219586e-11"," 1.305244e+14"
" 4.222921e-11"," 1.304768e+14"
" 4.226257e-11"," 1.304290e+14"
" 4.229593e-11"," 1.303812e+14"
" 4.232928e-11"," 1.303334e+14"
" 4.236264e-11"," 1.302854e+14"
" 4.239600e-11"," 1.302373e+14"
" 4.242935e-11"," 1.301891e+14"
" 4.246271e-11"," 1.301408e+14"
" 4.249607e-11"," 1.300924e+14"
" 4.252942e-11"," 1.300438e+14"
" 4.256278e-11"," 1.299951e+14"
" 4.259613e-11"," 1.299463e+14"
" 4.262949e-11"," 1.298974e+14"
" 4.266285e-11"," 1.298484e+14"
" 4.269620e-11"," 1.297993e+14"
" 4.272956e-11"," 1.297501e+14"
" 4.276292e-11"," 1.297009e+14"
" 4.279627e-11"," 1.296516e+14"
" 4.282963e-11"," 1.296023e+14"
" 4.286299e-11"," 1.295529e+14"
" 4.289634e-11"," 1.295036e+14"
" 4.292970e-11"," 1.294542e+14"
" 4.296306e-11"," 1.294048e+14"
" 4.299641e-11"," 1.293554e+14"
" 4.302977e-11"," 1.293060e+14"
" 4.306312e-11"," 1.292567e+14"
" 4.309648e-11"," 1.292074e+14"
" 4.312984e-11"," 1.291581e+14"
" 4.316319e-11"," 1.291088e+14"
" 4.319655e-11"," 1.290594e+14"
" 4.322991e-11"," 1.290099e+14"
" 4.326326e-11"," 1.289604e+14"
" 4.329662e-11"," 1.289107e+14"
" 4.332998e-11"," 1.288609e+14"
" 4.336333e-11"," 1.288110e+14"
" 4.339669e-11"," 1.287609e+14"
" 4.343005e-11"," 1.287106e+14"
" 4.346340e-11"," 1.286601e+14"
" 4.349676e-11"," 1.286093e+14"
" 4.353011e-11"," 1.285583e+14"
" 4.356347e-11"," 1.285071e+14"
" 4.359683e-11"," 1.284555e+14"
" 4.363018e-11"," 1.284038e+14"
" 4.366354e-11"," 1.283518e+14"
" 4.369690e-11"," 1.282996e+14"
" 4.373025e-11"," 1.282473e+14"
" 4.376361e-11"," 1.281947e+14"
" 4.379697e-11"," 1.281421e+14"
" 4.383032e-11"," 1.280892e+14"
" 4.386368e-11"," 1.280363e+14"
" 4.389703e-11"," 1.279833e+14"
" 4.393039e-11"," 1.279302e+14"
" 4.396375e-11"," 1.278771e+14"
" 4.399710e-11"," 1.278239e+14"
" 4.403046e-11"," 1.277707e+14"
" 4.406382e-11"," 1.277175e+14"
" 4.409717e-11"," 1.276643e+14"
" 4.413053e-11"," 1.276110e+14"
" 4.416389e-11"," 1.275577e+14"
" 4.419724e-11"," 1.275044e+14"
" 4.423060e-11"," 1.274509e+14"
" 4.426396e-11"," 1.273973e+14"
" 4.429731e-11"," 1.273436e+14"
" 4.433067e-11"," 1.272898e+14"
" 4.436402e-11"," 1.272359e+14"
" 4.439738e-11"," 1.271817e+14"
" 4.443074e-11"," 1.271274e+14"
" 4.446409e-11"," 1.270729e+14"
" 4.449745e-11"," 1.270182e+14"
" 4.453081e-11"," 1.269632e+14"
" 4.456416e-11"," 1.269080e+14"
" 4.459752e-11"," 1.268525e+14"
" 4.463088e-11"," 1.267968e+14"
" 4.466423e-11"," 1.267410e+14"
" 4.469759e-11"," 1.266849e+14"
" 4.473095e-11"," 1.266286e+14"
" 4.476430e-11"," 1.265721e+14"
" 4.479766e-11"," 1.265155e+14"
" 4.483101e-11"," 1.264588e+14"
" 4.486437e-11"," 1.264019e+14"
" 4.489773e-11"," 1.263448e+14"
" 4.493108e-11"," 1.262877e+14"
" 4.496444e-11"," 1.262305e+14"
" 4.499780e-11"," 1.261732e+14"
" 4.503115e-11"," 1.261158e+14"
" 4.506451e-11"," 1.260583e+14"
" 4.509787e-11"," 1.260008e+14"
" 4.513122e-11"," 1.259431e+14"
" 4.516458e-11"," 1.258854e+14"
" 4.519793e-11"," 1.258275e+14"
" 4.523129e-11"," 1.257695e+14"
" 4.526465e-11"," 1.257114e+14"
" 4.529800e-11"," 1.256530e+14"
" 4.533136e-11"," 1.255945e+14"
" 4.536472e-11"," 1.255358e+14"
" 4.539807e-11"," 1.254768e+14"
" 4.543143e-11"," 1.254176e+14"
" 4.546479e-11"," 1.253582e+14"
" 4.549814e-11"," 1.252985e+14"
" 4.553150e-11"," 1.252384e+14"
" 4.556486e-11"," 1.251781e+14"
" 4.559821e-11"," 1.251175e+14"
" 4.563157e-11"," 1.250567e+14"
" 4.566492e-11"," 1.249955e+14"
" 4.569828e-11"," 1.249342e+14"
" 4.573164e-11"," 1.248726e+14"
" 4.576499e-11"," 1.248108e+14"
" 4.579835e-11"," 1.247489e+14"
" 4.583171e-11"," 1.246867e+14"
" 4.586506e-11"," 1.246244e+14"
" 4.589842e-11"," 1.245620e+14"
" 4.593178e-11"," 1.244995e+14"
" 4.596513e-11"," 1.244368e+14"
" 4.599849e-11"," 1.243741e+14"
" 4.603185e-11"," 1.243113e+14"
" 4.606520e-11"," 1.242484e+14"
" 4.609856e-11"," 1.241855e+14"
" 4.613191e-11"," 1.241225e+14"
" 4.616527e-11"," 1.240593e+14"
" 4.619863e-11"," 1.239961e+14"
" 4.623198e-11"," 1.239328e+14"
" 4.626534e-11"," 1.238693e+14"
" 4.629870e-11"," 1.238056e+14"
" 4.633205e-11"," 1.237418e+14"
" 4.636541e-11"," 1.236777e+14"
" 4.639877e-11"," 1.236135e+14"
" 4.643212e-11"," 1.235490e+14"
" 4.646548e-11"," 1.234843e+14"
" 4.649883e-11"," 1.234194e+14"
" 4.653219e-11"," 1.233542e+14"
" 4.656555e-11"," 1.232887e+14"
" 4.659890e-11"," 1.232229e+14"
" 4.663226e-11"," 1.231569e+14"
" 4.666562e-11"," 1.230906e+14"
" 4.669897e-11"," 1.230241e+14"
" 4.673233e-11"," 1.229573e+14"
" 4.676569e-11"," 1.228903e+14"
" 4.679904e-11"," 1.228231e+14"
" 4.683240e-11"," 1.227557e+14"
" 4.686576e-11"," 1.226880e+14"
" 4.689911e-11"," 1.226202e+14"
" 4.693247e-11"," 1.225522e+14"
" 4.696582e-11"," 1.224841e+14"
" 4.699918e-11"," 1.224157e+14"
" 4.703254e-11"," 1.223472e+14"
" 4.706589e-11"," 1.222786e+14"
" 4.709925e-11"," 1.222099e+14"
" 4.713261e-11"," 1.221409e+14"
" 4.716596e-11"," 1.220718e+14"
" 4.719932e-11"," 1.220026e+14"
" 4.723268e-11"," 1.219332e+14"
" 4.726603e-11"," 1.218636e+14"
" 4.729939e-11"," 1.217939e+14"
" 4.733275e-11"," 1.217240e+14"
" 4.736610e-11"," 1.216539e+14"
" 4.739946e-11"," 1.215836e+14"
" 4.743281e-11"," 1.215131e+14"
" 4.746617e-11"," 1.214424e+14"
" 4.749953e-11"," 1.213715e+14"
" 4.753288e-11"," 1.213004e+14"
" 4.756624e-11"," 1.212291e+14"
" 4.759960e-11"," 1.211577e+14"
" 4.763295e-11"," 1.210860e+14"
" 4.766631e-11"," 1.210141e+14"
" 4.769967e-11"," 1.209421e+14"
" 4.773302e-11"," 1.208699e+14"
" 4.776638e-11"," 1.207975e+14"
" 4.779973e-11"," 1.207250e+14"
" 4.783309e-11"," 1.206523e+14"
" 4.786645e-11"," 1.205795e+14"
" 4.789980e-11"," 1.205066e+14"
" 4.793316e-11"," 1.204335e+14"
" 4.796652e-11"," 1.203604e+14"
" 4.799987e-11"," 1.202871e+14"
" 4.803323e-11"," 1.202138e+14"
" 4.806659e-11"," 1.201403e+14"
" 4.809994e-11"," 1.200667e+14"
" 4.813330e-11"," 1.199931e+14"
" 4.816666e-11"," 1.199193e+14"
" 4.820001e-11"," 1.198454e+14"
" 4.823337e-11"," 1.197714e+14"
" 4.826672e-11"," 1.196972e+14"
" 4.830008e-11"," 1.196228e+14"
" 4.833344e-11"," 1.195483e+14"
" 4.836679e-11"," 1.194736e+14"
" 4.840015e-11"," 1.193987e+14"
" 4.843351e-11"," 1.193237e+14"
" 4.846686e-11"," 1.192484e+14"
" 4.850022e-11"," 1.191729e+14"
" 4.853358e-11"," 1.190972e+14"
" 4.856693e-11"," 1.190212e+14"
" 4.860029e-11"," 1.189450e+14"
" 4.863365e-11"," 1.188686e+14"
" 4.866700e-11"," 1.187920e+14"
" 4.870036e-11"," 1.187152e+14"
" 4.873371e-11"," 1.186383e+14"
" 4.876707e-11"," 1.185612e+14"
" 4.880043e-11"," 1.184840e+14"
" 4.883378e-11"," 1.184066e+14"
" 4.886714e-11"," 1.183292e+14"
" 4.890050e-11"," 1.182516e+14"
" 4.893385e-11"," 1.181740e+14"
" 4.896721e-11"," 1.180962e+14"
" 4.900057e-11"," 1.180185e+14"
" 4.903392e-11"," 1.179407e+14"
" 4.906728e-11"," 1.178628e+14"
" 4.910063e-11"," 1.177850e+14"
" 4.913399e-11"," 1.177070e+14"
" 4.916735e-11"," 1.176291e+14"
" 4.920070e-11"," 1.175510e+14"
" 4.923406e-11"," 1.174729e+14"
" 4.926742e-11"," 1.173947e+14"
" 4.930077e-11"," 1.173164e+14"
" 4.933413e-11"," 1.172379e+14"
" 4.936749e-11"," 1.171593e+14"
" 4.940084e-11"," 1.170806e+14"
" 4.943420e-11"," 1.170018e+14"
" 4.946756e-11"," 1.169228e+14"
" 4.950091e-11"," 1.168436e+14"
" 4.953427e-11"," 1.167643e+14"
" 4.956762e-11"," 1.166847e+14"
" 4.960098e-11"," 1.166050e+14"
" 4.963434e-11"," 1.165251e+14"
" 4.966769e-11"," 1.164451e+14"
" 4.970105e-11"," 1.163649e+14"
" 4.973441e-11"," 1.162845e+14"
" 4.976776e-11"," 1.162041e+14"
" 4.980112e-11"," 1.161236e+14"
" 4.983448e-11"," 1.160429e+14"
" 4.986783e-11"," 1.159622e+14"
" 4.990119e-11"," 1.158815e+14"
" 4.993455e-11"," 1.158006e+14"
" 4.996790e-11"," 1.157198e+14"
" 5.000126e-11"," 1.156389e+14"
" 5.003461e-11"," 1.155579e+14"
" 5.006797e-11"," 1.154770e+14"
" 5.010133e-11"," 1.153961e+14"
" 5.013468e-11"," 1.153151e+14"
" 5.016804e-11"," 1.152342e+14"
" 5.020140e-11"," 1.151532e+14"
" 5.023475e-11"," 1.150722e+14"
" 5.026811e-11"," 1.149912e+14"
" 5.030147e-11"," 1.149101e+14"
" 5.033482e-11"," 1.148290e+14"
" 5.036818e-11"," 1.147479e+14"
" 5.040153e-11"," 1.146668e+14"
" 5.043489e-11"," 1.145856e+14"
" 5.046825e-11"," 1.145043e+14"
" 5.050160e-11"," 1.144230e+14"
" 5.053496e-11"," 1.143416e+14"
" 5.056832e-11"," 1.142602e+14"
" 5.060167e-11"," 1.141788e+14"
" 5.063503e-11"," 1.140972e+14"
" 5.066839e-11"," 1.140157e+14"
" 5.070174e-11"," 1.139340e+14"
" 5.073510e-11"," 1.138524e+14"
" 5.076846e-11"," 1.137706e+14"
" 5.080181e-11"," 1.136889e+14"
" 5.083517e-11"," 1.136071e+14"
" 5.086852e-11"," 1.135252e+14"
" 5.090188e-11"," 1.134433e+14"
" 5.093524e-11"," 1.133614e+14"
" 5.096859e-11"," 1.132794e+14"
" 5.100195e-11"," 1.131974e+14"
" 5.103531e-11"," 1.131154e+14"
" 5.106866e-11"," 1.130333e+14"
" 5.110202e-11"," 1.129512e+14"
" 5.113538e-11"," 1.128691e+14"
" 5.116873e-11"," 1.127869e+14"
" 5.120209e-11"," 1.127046e+14"
" 5.123545e-11"," 1.126224e+14"
" 5.126880e-11"," 1.125400e+14"
" 5.130216e-11"," 1.124577e+14"
" 5.133551e-11"," 1.123752e+14"
" 5.136887e-11"," 1.122927e+14"
" 5.140223e-11"," 1.122101e+14"
" 5.143558e-11"," 1.121275e+14"
" 5.146894e-11"," 1.120448e+14"
" 5.150230e-11"," 1.119620e+14"
" 5.153565e-11"," 1.118791e+14"
" 5.156901e-11"," 1.117962e+14"
" 5.160237e-11"," 1.117132e+14"
" 5.163572e-11"," 1.116301e+14"
" 5.166908e-11"," 1.115470e+14"
" 5.170243e-11"," 1.114638e+14"
" 5.173579e-11"," 1.113807e+14"
" 5.176915e-11"," 1.112975e+14"
" 5.180250e-11"," 1.112143e+14"
" 5.183586e-11"," 1.111311e+14"
" 5.186922e-11"," 1.110480e+14"
" 5.190257e-11"," 1.109648e+14"
" 5.193593e-11"," 1.108818e+14"
" 5.196929e-11"," 1.107987e+14"
" 5.200264e-11"," 1.107158e+14"
" 5.203600e-11"," 1.106329e+14"
" 5.206936e-11"," 1.105502e+14"
" 5.210271e-11"," 1.104675e+14"
" 5.213607e-11"," 1.103849e+14"
" 5.216942e-11"," 1.103023e+14"
" 5.220278e-11"," 1.102199e+14"
" 5.223614e-11"," 1.101374e+14"
" 5.226949e-11"," 1.100551e+14"
" 5.230285e-11"," 1.099727e+14"
" 5.233621e-11"," 1.098904e+14"
" 5.236956e-11"," 1.098081e+14"
" 5.240292e-11"," 1.097258e+14"
" 5.243628e-11"," 1.096436e+14"
" 5.246963e-11"," 1.095613e+14"
" 5.250299e-11"," 1.094790e+14"
" 5.253634e-11"," 1.093967e+14"
" 5.256970e-11"," 1.093144e+14"
" 5.260306e-11"," 1.092320e+14"
" 5.263641e-11"," 1.091497e+14"
" 5.266977e-11"," 1.090673e+14"
" 5.270313e-11"," 1.089848e+14"
" 5.273648e-11"," 1.089024e+14"
" 5.276984e-11"," 1.088200e+14"
" 5.280320e-11"," 1.087376e+14"
" 5.283655e-11"," 1.086551e+14"
" 5.286991e-11"," 1.085727e+14"
" 5.290327e-11"," 1.084902e+14"
" 5.293662e-11"," 1.084078e+14"
" 5.296998e-11"," 1.083253e+14"
" 5.300333e-11"," 1.082429e+14"
" 5.303669e-11"," 1.081605e+14"
" 5.307005e-11"," 1.080781e+14"
" 5.310340e-11"," 1.079957e+14"
" 5.313676e-11"," 1.079133e+14"
" 5.317012e-11"," 1.078309e+14"
" 5.320347e-11"," 1.077485e+14"
" 5.323683e-11"," 1.076661e+14"
" 5.327019e-11"," 1.075837e+14"
" 5.330354e-11"," 1.075014e+14"
" 5.333690e-11"," 1.074190e+14"
" 5.337026e-11"," 1.073365e+14"
" 5.340361e-11"," 1.072541e+14"
" 5.343697e-11"," 1.071717e+14"
" 5.347032e-11"," 1.070892e+14"
" 5.350368e-11"," 1.070067e+14"
" 5.353704e-11"," 1.069242e+14"
" 5.357039e-11"," 1.068417e+14"
" 5.360375e-11"," 1.067592e+14"
" 5.363711e-11"," 1.066766e+14"
" 5.367046e-11"," 1.065940e+14"
" 5.370382e-11"," 1.065115e+14"
" 5.373718e-11"," 1.064289e+14"
" 5.377053e-11"," 1.063464e+14"
" 5.380389e-11"," 1.062639e+14"
" 5.383724e-11"," 1.061814e+14"
" 5.387060e-11"," 1.060990e+14"
" 5.390396e-11"," 1.060167e+14"
" 5.393731e-11"," 1.059344e+14"
" 5.397067e-11"," 1.058522e+14"
" 5.400403e-11"," 1.057701e+14"
" 5.403738e-11"," 1.056880e+14"
" 5.407074e-11"," 1.056061e+14"
" 5.410410e-11"," 1.055242e+14"
" 5.413745e-11"," 1.054424e+14"
" 5.417081e-11"," 1.053606e+14"
" 5.420417e-11"," 1.052790e+14"
" 5.423752e-11"," 1.051973e+14"
" 5.427088e-11"," 1.051157e+14"
" 5.430423e-11"," 1.050340e+14"
" 5.433759e-11"," 1.049524e+14"
" 5.437095e-11"," 1.048707e+14"
" 5.440430e-11"," 1.047891e+14"
" 5.443766e-11"," 1.047073e+14"
" 5.447102e-11"," 1.046255e+14"
" 5.450437e-11"," 1.045437e+14"
" 5.453773e-11"," 1.044617e+14"
" 5.457109e-11"," 1.043797e+14"
" 5.460444e-11"," 1.042976e+14"
" 5.463780e-11"," 1.042154e+14"
" 5.467116e-11"," 1.041331e+14"
" 5.470451e-11"," 1.040508e+14"
" 5.473787e-11"," 1.039684e+14"
" 5.477122e-11"," 1.038860e+14"
" 5.480458e-11"," 1.038035e+14"
" 5.483794e-11"," 1.037210e+14"
" 5.487129e-11"," 1.036384e+14"
" 5.490465e-11"," 1.035558e+14"
" 5.493801e-11"," 1.034733e+14"
" 5.497136e-11"," 1.033907e+14"
" 5.500472e-11"," 1.033081e+14"
" 5.503808e-11"," 1.032255e+14"
" 5.507143e-11"," 1.031429e+14"
" 5.510479e-11"," 1.030604e+14"
" 5.513814e-11"," 1.029779e+14"
" 5.517150e-11"," 1.028954e+14"
" 5.520486e-11"," 1.028129e+14"
" 5.523821e-11"," 1.027304e+14"
" 5.527157e-11"," 1.026480e+14"
" 5.530493e-11"," 1.025656e+14"
" 5.533828e-11"," 1.024832e+14"
" 5.537164e-11"," 1.024008e+14"
" 5.540500e-11"," 1.023184e+14"
" 5.543835e-11"," 1.022361e+14"
" 5.547171e-11"," 1.021538e+14"
" 5.550507e-11"," 1.020715e+14"
" 5.553842e-11"," 1.019893e+14"
" 5.557178e-11"," 1.019070e+14"
" 5.560513e-11"," 1.018248e+14"
" 5.563849e-11"," 1.017426e+14"
" 5.567185e-11"," 1.016604e+14"
" 5.570520e-11"," 1.015782e+14"
" 5.573856e-11"," 1.014960e+14"
" 5.577192e-11"," 1.014137e+14"
" 5.580527e-11"," 1.013314e+14"
" 5.583863e-11"," 1.012490e+14"
" 5.587199e-11"," 1.011666e+14"
" 5.590534e-11"," 1.010840e+14"
" 5.593870e-11"," 1.010014e+14"
" 5.597206e-11"," 1.009188e+14"
" 5.600541e-11"," 1.008360e+14"
" 5.603877e-11"," 1.007530e+14"
" 5.607212e-11"," 1.006700e+14"
" 5.610548e-11"," 1.005869e+14"
" 5.613884e-11"," 1.005036e+14"
" 5.617219e-11"," 1.004202e+14"
" 5.620555e-11"," 1.003367e+14"
" 5.623891e-11"," 1.002532e+14"
" 5.627226e-11"," 1.001695e+14"
" 5.630562e-11"," 1.000858e+14"
" 5.633898e-11"," 1.000020e+14"
" 5.637233e-11"," 9.991809e+13"
" 5.640569e-11"," 9.983414e+13"
" 5.643904e-11"," 9.975014e+13"
" 5.647240e-11"," 9.966609e+13"
" 5.650576e-11"," 9.958200e+13"
" 5.653911e-11"," 9.949786e+13"
" 5.657247e-11"," 9.941370e+13"
" 5.660583e-11"," 9.932950e+13"
" 5.663918e-11"," 9.924525e+13"
" 5.667254e-11"," 9.916097e+13"
" 5.670590e-11"," 9.907663e+13"
" 5.673925e-11"," 9.899225e+13"
" 5.677261e-11"," 9.890780e+13"
" 5.680597e-11"," 9.882330e+13"
" 5.683932e-11"," 9.873873e+13"
" 5.687268e-11"," 9.865409e+13"
" 5.690603e-11"," 9.856938e+13"
" 5.693939e-11"," 9.848460e+13"
" 5.697275e-11"," 9.839973e+13"
" 5.700610e-11"," 9.831477e+13"
" 5.703946e-11"," 9.822973e+13"
" 5.707282e-11"," 9.814459e+13"
" 5.710617e-11"," 9.805935e+13"
" 5.713953e-11"," 9.797403e+13"
" 5.717289e-11"," 9.788861e+13"
" 5.720624e-11"," 9.780309e+13"
" 5.723960e-11"," 9.771748e+13"
" 5.727296e-11"," 9.763177e+13"
" 5.730631e-11"," 9.754597e+13"
" 5.733967e-11"," 9.746007e+13"
" 5.737302e-11"," 9.737408e+13"
" 5.740638e-11"," 9.728798e+13"
" 5.743974e-11"," 9.720180e+13"
" 5.747309e-11"," 9.711551e+13"
" 5.750645e-11"," 9.702913e+13"
" 5.753981e-11"," 9.694265e+13"
" 5.757316e-11"," 9.685607e+13"
" 5.760652e-11"," 9.676939e+13"
" 5.763988e-11"," 9.668261e+13"
" 5.767323e-11"," 9.659573e+13"
" 5.770659e-11"," 9.650874e+13"
" 5.773994e-11"," 9.642165e+13"
" 5.777330e-11"," 9.633444e+13"
" 5.780666e-11"," 9.624713e+13"
" 5.784001e-11"," 9.615970e+13"
" 5.787337e-11"," 9.607215e+13"
" 5.790673e-11"," 9.598449e+13"
" 5.794008e-11"," 9.589671e+13"
" 5.797344e-11"," 9.580881e+13"
" 5.800680e-11"," 9.572079e+13"
" 5.804015e-11"," 9.563264e+13"
" 5.807351e-11"," 9.554436e+13"
" 5.810687e-11"," 9.545596e+13"
" 5.814022e-11"," 9.536743e+13"
" 5.817358e-11"," 9.527877e+13"
" 5.820693e-11"," 9.518998e+13"
" 5.824029e-11"," 9.510106e+13"
" 5.827365e-11"," 9.501200e+13"
" 5.830700e-11"," 9.492282e+13"
" 5.834036e-11"," 9.483350e+13"
" 5.837372e-11"," 9.474404e+13"
" 5.840707e-11"," 9.465445e+13"
" 5.844043e-11"," 9.456472e+13"
" 5.847379e-11"," 9.447486e+13"
" 5.850714e-11"," 9.438486e+13"
" 5.854050e-11"," 9.429472e+13"
" 5.857386e-11"," 9.420443e+13"
" 5.860721e-11"," 9.411401e+13"
" 5.864057e-11"," 9.402345e+13"
" 5.867392e-11"," 9.393275e+13"
" 5.870728e-11"," 9.384191e+13"
" 5.874064e-11"," 9.375093e+13"
" 5.877399e-11"," 9.365982e+13"
" 5.880735e-11"," 9.356856e+13"
" 5.884071e-11"," 9.347716e+13"
" 5.887406e-11"," 9.338563e+13"
" 5.890742e-11"," 9.329396e+13"
" 5.894078e-11"," 9.320215e+13"
" 5.897413e-11"," 9.311020e+13"
" 5.900749e-11"," 9.301811e+13"
" 5.904084e-11"," 9.292589e+13"
" 5.907420e-11"," 9.283352e+13"
" 5.910756e-11"," 9.274102e+13"
" 5.914091e-11"," 9.264838e+13"
" 5.917427e-11"," 9.255559e+13"
" 5.920763e-11"," 9.246267e+13"
" 5.924098e-11"," 9.236959e+13"
" 5.927434e-11"," 9.227637e+13"
" 5.930770e-11"," 9.218300e+13"
" 5.934105e-11"," 9.208949e+13"
" 5.937441e-11"," 9.199582e+13"
" 5.940777e-11"," 9.190200e+13"
" 5.944112e-11"," 9.180802e+13"
" 5.947448e-11"," 9.171389e+13"
" 5.950783e-11"," 9.161960e+13"
" 5.954119e-11"," 9.152515e+13"
" 5.957455e-11"," 9.143055e+13"
" 5.960790e-11"," 9.133578e+13"
" 5.964126e-11"," 9.124086e+13"
" 5.967462e-11"," 9.114577e+13"
" 5.970797e-11"," 9.105053e+13"
" 5.974133e-11"," 9.095513e+13"
" 5.977469e-11"," 9.085958e+13"
" 5.980804e-11"," 9.076386e+13"
" 5.984140e-11"," 9.066799e+13"
" 5.987476e-11"," 9.057197e+13"
" 5.990811e-11"," 9.047579e+13"
" 5.994147e-11"," 9.037945e+13"
" 5.997482e-11"," 9.028297e+13"
" 6.000818e-11"," 9.018632e+13"
" 6.004154e-11"," 9.008953e+13"
" 6.007489e-11"," 8.999258e+13"
" 6.010825e-11"," 8.989548e+13"
" 6.014161e-11"," 8.979823e+13"
" 6.017496e-11"," 8.970082e+13"
" 6.020832e-11"," 8.960325e+13"
" 6.024168e-11"," 8.950554e+13"
" 6.027503e-11"," 8.940766e+13"
" 6.030839e-11"," 8.930963e+13"
" 6.034174e-11"," 8.921145e+13"
" 6.037510e-11"," 8.911310e+13"
" 6.040846e-11"," 8.901460e+13"
" 6.044181e-11"," 8.891594e+13"
" 6.047517e-11"," 8.881712e+13"
" 6.050853e-11"," 8.871815e+13"
" 6.054188e-11"," 8.861901e+13"
" 6.057524e-11"," 8.851971e+13"
" 6.060860e-11"," 8.842026e+13"
" 6.064195e-11"," 8.832064e+13"
" 6.067531e-11"," 8.822088e+13"
" 6.070867e-11"," 8.812095e+13"
" 6.074202e-11"," 8.802088e+13"
" 6.077538e-11"," 8.792065e+13"
" 6.080873e-11"," 8.782028e+13"
" 6.084209e-11"," 8.771975e+13"
" 6.087545e-11"," 8.761908e+13"
" 6.090880e-11"," 8.751827e+13"
" 6.094216e-11"," 8.741731e+13"
" 6.097552e-11"," 8.731621e+13"
" 6.100887e-11"," 8.721497e+13"
" 6.104223e-11"," 8.711360e+13"
" 6.107559e-11"," 8.701208e+13"
" 6.110894e-11"," 8.691043e+13"
" 6.114230e-11"," 8.680864e+13"
" 6.117566e-11"," 8.670671e+13"
" 6.120901e-11"," 8.660464e+13"
" 6.124237e-11"," 8.650243e+13"
" 6.127572e-11"," 8.640009e+13"
" 6.130908e-11"," 8.629760e+13"
" 6.134244e-11"," 8.619498e+13"
" 6.137579e-11"," 8.609221e+13"
" 6.140915e-11"," 8.598931e+13"
" 6.144251e-11"," 8.588626e+13"
" 6.147586e-11"," 8.578307e+13"
" 6.150922e-11"," 8.567975e+13"
" 6.154258e-11"," 8.557628e+13"
" 6.157593e-11"," 8.547267e+13"
" 6.160929e-11"," 8.536891e+13"
" 6.164264e-11"," 8.526502e+13"
" 6.167600e-11"," 8.516099e+13"
" 6.170936e-11"," 8.505683e+13"
" 6.174271e-11"," 8.495253e+13"
" 6.177607e-11"," 8.484810e+13"
" 6.180943e-11"," 8.474354e+13"
" 6.184278e-11"," 8.463885e+13"
" 6.187614e-11"," 8.453403e+13"
" 6.190950e-11"," 8.442908e+13"
" 6.194285e-11"," 8.432401e+13"
" 6.197621e-11"," 8.421881e+13"
" 6.200957e-11"," 8.411349e+13"
" 6.204292e-11"," 8.400805e+13"
" 6.207628e-11"," 8.390250e+13"
" 6.210963e-11"," 8.379682e+13"
" 6.214299e-11"," 8.369103e+13"
" 6.217635e-11"," 8.358512e+13"
" 6.220970e-11"," 8.347910e+13"
" 6.224306e-11"," 8.337297e+13"
" 6.227642e-11"," 8.326672e+13"
" 6.230977e-11"," 8.316037e+13"
" 6.234313e-11"," 8.305391e+13"
" 6.237649e-11"," 8.294734e+13"
" 6.240984e-11"," 8.284066e+13"
" 6.244320e-11"," 8.273388e+13"
" 6.247656e-11"," 8.262699e+13"
" 6.250991e-11"," 8.252000e+13"
" 6.254327e-11"," 8.241292e+13"
" 6.257662e-11"," 8.230573e+13"
" 6.260998e-11"," 8.219844e+13"
" 6.264334e-11"," 8.209106e+13"
" 6.267669e-11"," 8.198357e+13"
" 6.271005e-11"," 8.187599e+13"
" 6.274341e-11"," 8.176831e+13"
" 6.277676e-11"," 8.166053e+13"
" 6.281012e-11"," 8.155266e+13"
" 6.284348e-11"," 8.144468e+13"
" 6.287683e-11"," 8.133662e+13"
" 6.291019e-11"," 8.122845e+13"
" 6.294354e-11"," 8.112019e+13"
" 6.297690e-11"," 8.101184e+13"
" 6.301026e-11"," 8.090339e+13"
" 6.304361e-11"," 8.079485e+13"
" 6.307697e-11"," 8.068621e+13"
" 6.311033e-11"," 8.057748e+13"
" 6.314368e-11"," 8.046866e+13"
" 6.317704e-11"," 8.035976e+13"
" 6.321040e-11"," 8.025077e+13"
" 6.324375e-11"," 8.014170e+13"
" 6.327711e-11"," 8.003255e+13"
" 6.331047e-11"," 7.992332e+13"
" 6.334382e-11"," 7.981403e+13"
" 6.337718e-11"," 7.970466e+13"
" 6.341053e-11"," 7.959522e+13"
" 6.344389e-11"," 7.948572e+13"
" 6.347725e-11"," 7.937615e+13"
" 6.351060e-11"," 7.926652e+13"
" 6.354396e-11"," 7.915683e+13"
" 6.357732e-11"," 7.904709e+13"
" 6.361067e-11"," 7.893729e+13"
" 6.364403e-11"," 7.882744e+13"
" 6.367739e-11"," 7.871753e+13"
" 6.371074e-11"," 7.860757e+13"
" 6.374410e-11"," 7.849755e+13"
" 6.377746e-11"," 7.838747e+13"
" 6.381081e-11"," 7.827734e+13"
" 6.384417e-11"," 7.816715e+13"
" 6.387752e-11"," 7.805691e+13"
" 6.391088e-11"," 7.794661e+13"
" 6.394424e-11"," 7.783626e+13"
" 6.397759e-11"," 7.772585e+13"
" 6.401095e-11"," 7.761539e+13"
" 6.404431e-11"," 7.750487e+13"
" 6.407766e-11"," 7.739429e+13"
" 6.411102e-11"," 7.728367e+13"
" 6.414438e-11"," 7.717299e+13"
" 6.417773e-11"," 7.706226e+13"
" 6.421109e-11"," 7.695149e+13"
" 6.424444e-11"," 7.684068e+13"
" 6.427780e-11"," 7.672983e+13"
" 6.431116e-11"," 7.661895e+13"
" 6.434451e-11"," 7.650802e+13"
" 6.437787e-11"," 7.639707e+13"
" 6.441123e-11"," 7.628609e+13"
" 6.444458e-11"," 7.617508e+13"
" 6.447794e-11"," 7.606405e+13"
" 6.451130e-11"," 7.595300e+13"
" 6.454465e-11"," 7.584194e+13"
" 6.457801e-11"," 7.573085e+13"
" 6.461137e-11"," 7.561975e+13"
" 6.464472e-11"," 7.550864e+13"
" 6.467808e-11"," 7.539751e+13"
" 6.471143e-11"," 7.528636e+13"
" 6.474479e-11"," 7.517520e+13"
" 6.477815e-11"," 7.506402e+13"
" 6.481150e-11"," 7.495283e+13"
" 6.484486e-11"," 7.484162e+13"
" 6.487822e-11"," 7.473040e+13"
" 6.491157e-11"," 7.461915e+13"
" 6.494493e-11"," 7.450789e+13"
" 6.497829e-11"," 7.439662e+13"
" 6.501164e-11"," 7.428533e+13"
" 6.504500e-11"," 7.417402e+13"
" 6.507835e-11"," 7.406269e+13"
" 6.511171e-11"," 7.395135e+13"
" 6.514507e-11"," 7.383999e+13"
" 6.517842e-11"," 7.372862e+13"
" 6.521178e-11"," 7.361724e+13"
" 6.524514e-11"," 7.350585e+13"
" 6.527849e-11"," 7.339445e+13"
" 6.531185e-11"," 7.328304e+13"
" 6.534521e-11"," 7.317163e+13"
" 6.537856e-11"," 7.306021e+13"
" 6.541192e-11"," 7.294879e+13"
" 6.544528e-11"," 7.283737e+13"
" 6.547863e-11"," 7.272595e+13"
" 6.551199e-11"," 7.261453e+13"
" 6.554534e-11"," 7.250311e+13"
" 6.557870e-11"," 7.239169e+13"
" 6.561206e-11"," 7.228028e+13"
" 6.564541e-11"," 7.216888e+13"
" 6.567877e-11"," 7.205748e+13"
" 6.571213e-11"," 7.194610e+13"
" 6.574548e-11"," 7.183473e+13"
" 6.577884e-11"," 7.172337e+13"
" 6.581220e-11"," 7.161203e+13"
" 6.584555e-11"," 7.150070e+13"
" 6.587891e-11"," 7.138940e+13"
" 6.591227e-11"," 7.127811e+13"
" 6.594562e-11"," 7.116684e+13"
" 6.597898e-11"," 7.105560e+13"
" 6.601233e-11"," 7.094439e+13"
" 6.604569e-11"," 7.083320e+13"
" 6.607905e-11"," 7.072203e+13"
" 6.611240e-11"," 7.061090e+13"
" 6.614576e-11"," 7.049979e+13"
" 6.617912e-11"," 7.038871e+13"
" 6.621247e-11"," 7.027765e+13"
" 6.624583e-11"," 7.016662e+13"
" 6.627919e-11"," 7.005561e+13"
" 6.631254e-11"," 6.994462e+13"
" 6.634590e-11"," 6.983366e+13"
" 6.637925e-11"," 6.972271e+13"
" 6.641261e-11"," 6.961179e+13"
" 6.644597e-11"," 6.950088e+13"
" 6.647932e-11"," 6.938999e+13"
" 6.651268e-11"," 6.927912e+13"
" 6.654604e-11"," 6.916827e+13"
" 6.657939e-11"," 6.905743e+13"
" 6.661275e-11"," 6.894661e+13"
" 6.664611e-11"," 6.883581e+13"
" 6.667946e-11"," 6.872503e+13"
" 6.671282e-11"," 6.861427e+13"
